min_cluster_size,coherence_score
13,0.583422670789254
14,0.5779964976998591
15,0.5701935206489914
16,0.5644658940871005
17,0.58441868128958
18,0.5568549158761564
19,0.6054835801118625
21,0.6081435650553573
22,0.611266889233658
23,0.39894036261662613
24,0.6146801418657843
25,0.6146801418657843
26,0.5923421671953625
27,0.5923421671953626
29,0.624026423814915
