min_cluster_size,coherence_score
4,0.4179151437901802
5,0.3838977563976666
6,0.3504604338569615
7,0.4225278503553724
8,0.44229630622949584
9,0.45133247417583006
